iteration;app_name;categoryId;reviewId;sentenceId;at;score;feature;review;sentence;Joy;Trust;Fear;Surprise;Sadness;Disgust;Anger;Anticipation;Neutral;Reject
;;;;;;;;I've been waiting for an update that introduces dark mode, it would really enhance readability for night owls like me!;I've been waiting for an update that introduces dark mode.;0;0;0;0;0;0;0;1;0;0
;;;;;;;;"I wonder when the new collaborative features will be released; they could really change how we work together on projects!";I wonder when the new collaborative features will be released.;0;0;0;0;0;0;0;1;0;0
;;;;;;;;"I look forward to the next version; I hope it includes more customization options for the user interface!";I hope it includes more customization options for the user interface.;0;0;0;0;0;0;0;1;0;0
;;;;;;;;"I'm curious about what new integrations are planned; they could make this tool even more powerful!";I'm curious about what new integrations are planned.;0;0;0;0;0;0;0;1;0;0
;;;;;;;;"I'm eager to see if there will be a roadmap feature added; that would help a lot with project planning!";I’m eager to see if there will be a roadmap feature added.;0;0;0;0;0;0;0;1;0;0
;;;;;;;;Wouldn't it be great if this app could have offline capabilities in future updates? That would be a game changer!;Wouldn't it be great if this app could have offline capabilities in future updates?;0;0;0;0;0;0;0;1;0;0
;;;;;;;;"I can't wait to see what the new features are going to be; the last update blew my mind!";I can't wait to see what the new features are going to be.;0;0;0;0;0;0;0;1;0;0
;;;;;;;;"I hope there's going to be support for more file types soon; that could open up a lot more possibilities!";I hope there's going to be support for more file types soon.;0;0;0;0;0;0;0;1;0;0
;;;;;;;;I’m really excited about potential future enhancements to the reporting tools. They’re really needed!;I’m really excited about potential future enhancements to the reporting tools.;0;0;0;0;0;0;0;1;0;0
;;;;;;;;I would love to see an option for custom notifications. That would really help to keep me on track!;I would love to see an option for custom notifications.;0;0;0;0;0;0;0;1;0;0
;;;;;;;;"I’m looking forward to what’s next; a built-in calendar feature could be very handy for tracking deadlines!";I’m looking forward to what’s next.;0;0;0;0;0;0;0;1;0;0
;;;;;;;;Is there any possibility we could get a tutorial mode for new users in future updates? That would be super helpful!;Is there any possibility we could get a tutorial mode for new users?;0;0;0;0;0;0;0;1;0;0
;;;;;;;;"The ability to attach files to tasks is something I am really hoping to see soon; it would streamline my workflow!";The ability to attach files to tasks is something I am really hoping to see soon.;0;0;0;0;0;0;0;1;0;0
;;;;;;;;"I’m eagerly awaiting the release of the new analytics tools; they could provide great insights into our data!";I’m eagerly awaiting the release of the new analytics tools.;0;0;0;0;0;0;0;1;0;0
;;;;;;;;"I hope the next update addresses some of the user interface issues; I’m curious how they plan to improve it!";I hope the next update addresses some of the user interface issues.;0;0;0;0;0;0;0;1;0;0
;;;;;;;;"I can't help but wonder if they’ll add a multi-language support option soon; it would be a fantastic addition!";I can't help but wonder if they'll add a multi-language support option soon.;0;0;0;0;0;0;0;1;0;0
;;;;;;;;"I would really appreciate a way to organize my tasks better in the upcoming version; it’s something I think a lot of users would benefit from!";I would really appreciate a way to organize my tasks better.;0;0;0;0;0;0;0;1;0;0
;;;;;;;;"I’m excited about the potential for cloud storage solutions; it would greatly improve data accessibility!";I’m excited about the potential for cloud storage solutions.;0;0;0;0;0;0;0;1;0;0
;;;;;;;;"I would love to have an option to integrate with other project management tools; it could really enhance usability!";I would love to have an option to integrate with other project management tools.;0;0;0;0;0;0;0;1;0;0
;;;;;;;;"I’m looking forward to seeing how they address user feedback in future releases; that’s always a good sign for improvement!";I’m looking forward to seeing how they address user feedback in future releases.;0;0;0;0;0;0;0;1;0;0
