sentence,true_emotions,pred_emotions
I wish there were more similar that would automatically sync across devices!,Anticipation,"Joy, Anticipation"
"I hope for more powerful features like tagging, a browser app, and deeper analytics in the future.",Anticipation,"Joy, Trust, Anticipation, Neutral"
Customizable and easy to use with basic knowledge.,Joy,"Joy, Trust, Anticipation, Neutral"
"I setup automatic backup of the whole my phone file system into cloud, but my notes are not backed up automatically, I should manually export them occasionally.","Surprise, Sadness","Joy, Surprise, Sadness, Disgust, Anticipation, Neutral"
Educational,Neutral,"Joy, Trust, Sadness, Anger, Neutral"
I get my weather from KALB News channel 5,Neutral,"Joy, Trust, Sadness, Neutral"
"Overall, this is an unbelievably good notetaking/journaling app and they offer it for free.",Joy,"Joy, Trust, Sadness, Anticipation, Neutral"
"Some of the features that are pro are certainly worth the price, but a more decentralized option would be worth 5 stars and twice the subscription rate.","Joy, Anticipation","Joy, Anticipation"
"If a fairer monetization measure is implemented, I will consider returning, however as it stands, I will look for an alternative.",Disgust,"Sadness, Disgust, Anger, Anticipation"
"Also the sleep tracking is hit and miss, I might lay down to watch a film and the app says I've been asleep.",Sadness,"Joy, Surprise, Sadness, Anticipation"
it was the best planner that I have ever seen .,Trust,"Joy, Trust, Sadness, Neutral"
"There isn't a backup feature to the cloud or local storage, so I'm a tad hesitant to rely too heavily upon it.",Sadness,"Trust, Sadness, Disgust, Anger, Neutral"
Won't link to My Fitness pal or any other fitness app for calorie counting.,Sadness,"Fear, Surprise, Sadness, Anticipation"
Sleep tracking not working.,Sadness,"Trust, Sadness, Disgust, Anger, Neutral"
Love snapchat just wish it had a picture in picture when im on video chat where I can leave the app and still use other apps,"Joy, Anticipation","Joy, Trust, Sadness, Anticipation"
It is a weather and clock widget so time should be accurate,Sadness,"Joy, Surprise, Anticipation"
"I really love this app, specially because of graphs and charts, however I think it can be better by adding subtasks or improvement on graphical environment.","Joy, Anticipation","Joy, Trust, Sadness, Anticipation, Neutral"
Call recording is not proper.,Sadness,"Sadness, Disgust, Anger, Neutral"
"(Get reminder day before, get reminders at different times from day to day, etc.); Diary/Notebook Section; One-Time Tasks with deadline instead of fixed date; Pinned Notification/Widget.",Neutral,"Joy, Sadness, Anticipation, Neutral"
Should add share videos to whatsapp feature.,Anticipation,"Joy, Fear, Surprise, Anticipation"
"AWESOME APP LOOK UP A FLOWER, PLACE, BUILDING, ANTIQUES, FIND OUT HOW TO BUY WHAT YOU WANT AT A RESONABLE PRICE, TEXT FUNCTION READS PAGES BACK YO YOU ACTS AS AN OCR (OPTICAL CARICATURE RECOGITION)",Joy,"Trust, Sadness, Disgust, Anger, Neutral"
Beautiful clean design and no ads,Joy,"Joy, Fear, Surprise, Anticipation"
Very tasteful and clean design.,Joy,"Joy, Trust, Anticipation, Neutral"
Half the screen is taken up by the routing - bring back the simple uncluttered previous version.,Sadness,"Joy, Surprise, Sadness, Anticipation, Neutral"
"LOGGING IN SHOULD BE FREE, NOT SOMETHING THAT PEOPLE SHOULD BE PAYING FOR.",Anger,"Trust, Sadness, Disgust, Anger, Neutral"
You can't even send files like replays of games from steam.,Sadness,"Fear, Surprise, Sadness, Anger"
My favorite weather go-to App Always very trustworthy.,Trust,"Joy, Trust, Sadness, Anticipation, Neutral"
GPS Navigation download,Neutral,"Joy, Trust, Sadness, Neutral"
Steam Chat app is another great mobile app by Valve.,Joy,"Joy, Trust, Sadness, Disgust, Neutral"
"I understand free app users having to deal with ads but right after they began video ads I set a reminder & a dating app ad began playing loudly in a doctor's office I was in, forcing me to close the app to stop it & making me more likely to forget to place a reminder since I have to wait until I'm in place it won't matter.",Disgust,"Fear, Surprise, Sadness, Disgust, Anger"
"Monetization should be used to provide optional extra benefits, not to lock a core feature of a transport planning app behind a paywall.",Sadness,"Fear, Surprise, Anticipation"
"I want to be able to set time faster (not tap ~100 hundred times, but hold or type the timer or scroll like in the alarm clock app on my phone).",Anticipation,"Joy, Trust, Sadness, Anticipation, Neutral"
"You can create checklists, change color of the note, lock the note, and the note is set to automatically save after each edit similar to ggl docs.",Joy,"Joy, Trust, Surprise, Sadness, Anticipation, Neutral"
I can organize notes by putting them in notebooks.,Trust,"Joy, Trust, Sadness, Neutral"
"An ENCRYPTED, OPEN SOURCE NOTE-TAKING APP?",Surprise,"Fear, Sadness, Disgust, Anger"
The app keeps track of everything that a paper notebook can,Joy,"Joy, Trust, Sadness, Anticipation, Neutral"
I only set up the app yesterday and the only place I record my daily weigh-ins is in an app called Noom.,Neutral,"Joy, Trust, Sadness, Disgust, Neutral"
💯 more reliable than the other web service I tried.,Trust,"Joy, Trust, Sadness, Anticipation, Neutral"
"hey google nerd-ocracy, your product sucks now, because your priorities suck, and one day you will crash like the androids you have been destroying w this piece of shyte you pass off as an email app. 🖕",Anger,"Fear, Sadness, Disgust, Anger"
Always says she is offline.,Sadness,"Joy, Sadness, Disgust"
"Can't clear empty categories of to-do, no indication if it purges old tasks or if the done tasks are just going to pile up, needs sort by date, needs reoccurring tasks.","Sadness, Anticipation","Fear, Sadness, Disgust, Anger"
Please develop iOS version and let the notes sync between devices.,Anticipation,"Joy, Surprise, Anticipation"
It won't sync my notebooks.,Sadness,"Surprise, Sadness, Disgust, Anger"
"Blasts you with push notification ads for Adidas' latest marketing initiative (currently, the plastic waste song-and-dance).",Sadness,"Joy, Trust, Anticipation, Neutral"
"Used to be a good app for automatic backups, but now, after the last update, it stopped doing automatic backups, no matter what I tried.",Sadness,"Trust, Sadness, Disgust, Anger, Neutral"
"It synced with gmail, backuped (or so it seemed), but won't restore.",Sadness,"Surprise, Sadness, Disgust, Anger, Anticipation"
I definitely recommend this app for height incemrease I grew 4 inches tall in like...2.5 months which was cool I didn't go out for 3 months and all my friends were shocked to see me tall😌 plus stay consistent with the app and you'll get better results also try to use the food suggestions and sleep tracker along with it it'll give better results 🤗,Trust,"Joy, Trust, Sadness, Anticipation"
"Whether complex project management, medication reminders, payment schedules or shopping lists everything is simple to structure in an intuitive way that has kept me organised and on task.",Trust,"Joy, Trust, Sadness, Disgust, Neutral"
Feature request: subfolders for better notes organization.,Anticipation,"Joy, Anticipation, Neutral"
Good for non animated stickers.,Joy,"Joy, Trust, Anticipation"
"Every time I try to watch a weather video, it doesn't work and I get error messages on my phone, forcing me to restart my phone.",Sadness,"Surprise, Sadness, Disgust, Anger"
It is a very good app for a lot of social networking.,Joy,"Joy, Trust, Anticipation, Neutral"
I was searching for todo list apps with in built pomodoro timer and this has it.,Joy,"Joy, Trust, Sadness, Disgust, Neutral"
I can't send or forward posts or reels to individual people it's always the Group chats popping out please fix this,Sadness,"Fear, Sadness, Disgust, Anger"
Is there any bug in telegram?.,Neutral,"Fear, Surprise, Sadness, Disgust, Anger, Anticipation"
Please add a barcode scanner for tracking food.,Anticipation,"Joy, Surprise, Anticipation"
"It happens when I'm snoozing alarms using the touchscreen only, it happens if I adjust the volume on my phone for another app, it happens seemingly automatically just because the app decides that it's going to lower the volume itself.","Surprise, Sadness","Surprise, Sadness, Disgust, Anger"
It Should be a default messaging app.,Joy,"Joy, Fear, Surprise, Anticipation"
Having my upcoming calendar on the lock screen makes sure I don't forget appointments.,Trust,"Joy, Trust, Sadness, Anticipation, Neutral"
"Customizable, on time reminders, never glitches.",Joy,"Joy, Sadness, Anticipation, Neutral"
"Thank you developers it is working well, compare to other OCR apps it is working verry accurately definitely it is artificial Eye for me, one more please add auto language deduction, Kannada language and PDF reader, this is humble Request, finally allow to join beta version","Trust, Anticipation","Joy, Trust, Anticipation"
It was a good app but in my group chat i cant send message!,Sadness,"Joy, Sadness, Disgust, Anger"
Not good for call and media transfer but good in privacy and group chating and chatung,"Joy, Sadness","Joy, Anticipation"
"Only running contributes to the fitness level, and the watch itself is too temperamental not capturing heart rate properly and ECG only works if heart rate above 50.",Sadness,"Fear, Sadness, Disgust, Anger"
Works offline or with no reception as well!,Joy,"Joy, Fear, Surprise, Sadness, Anger"
"Easy to use and does what it needs to do, however I don't see any reason an Instant Messaging app should have ads.","Joy, Surprise","Fear, Sadness, Disgust, Anger, Anticipation"
Live Earth Map HD- World Map 3D & share locations is very useful and amazing app .it's works very good and helpful .you can explore all locations and driving directions around the world and share with friends 🚨,Joy,"Joy, Trust, Anticipation, Neutral"
this app is great you should try this app if you have sticker battles with your friends this app relly helps us to make our own sticker you should try it 🤩🤩💖💖,"Joy, Trust","Joy, Trust, Anticipation"
Easy to organise notes by category and find my data easily,Joy,"Joy, Anticipation, Neutral"
This is my favorite wellness app because it lets me choose different categories of well being to focus on.,Trust,"Joy, Trust, Sadness, Anticipation, Neutral"
"Easy to keep, organize, and share notes",Joy,"Joy, Trust, Anticipation, Neutral"
"The best app for to do i have come accross...simple, easy,effective and lightweight.",Trust,"Joy, Trust, Sadness, Anticipation, Neutral"
The messaging is still in beta and definitely not recommended to use as you can miss messages.,Sadness,"Surprise, Sadness, Disgust, Anger"
the messaging system has to be improved and when calls appear they should be in full screen.,"Sadness, Anticipation","Joy, Fear, Sadness, Anticipation"
my alarm goes off two hours before and half hour before then on time.,Surprise,"Trust, Sadness, Disgust, Anger, Neutral"
fastest phone call dialler,Joy,"Joy, Trust, Sadness, Neutral"
Synchronization does not work for me.,Sadness,"Trust, Sadness, Disgust, Anger"
"This Is The Best Note App Ever ❤️ They Provide Complete Solution To All Your Expectations From A Diary Or Notepad App Like They Give You Black Theme, Choice Between Notes & Checklists, Creating Folders, Favourites, Locking The Notes, Changing Size & Opacity Of Fonts, Creating Heading & Titles, Etc. Hence, Every Basic Expectation Is Right There With Flawless UI ✨","Joy, Trust","Joy, Trust, Sadness, Disgust, Anticipation, Neutral"
"Past few days, I've been importing contacts on desktop & installing mobile apps.",Neutral,"Joy, Trust, Sadness, Disgust, Neutral"
And the reminder notification works well.,Joy,"Joy, Trust, Sadness, Anticipation, Neutral"
I seriously couldn't comprehend why FCM is not unabled by default and the app pushes notification by always staying in the background.,Sadness,"Sadness, Disgust, Anger"
A very useful translator / text copier / thing identifier / picture searcher.,Joy,"Joy, Trust, Sadness, Anticipation, Neutral"
"Awesome ⭐⭐⭐⭐⭐App to do exercise without any Coaching or watching videos, it will definitely burn out specific calories as shown.",Joy,"Joy, Sadness, Anticipation"
"You can additionally add information about the vehicle, eg top speed, height, etc and the routing will take it into account.",Joy,"Joy, Trust, Surprise, Sadness, Anticipation, Neutral"
EDIT: Why no automatic backup to Google drive?,Anticipation,"Fear, Surprise, Disgust, Anger, Anticipation"
Handy translator,Joy,"Joy, Trust, Sadness, Anticipation, Neutral"
"Excellent, the best Weather Radar Widget.","Joy, Trust","Joy, Trust, Sadness, Anticipation, Neutral"
Very annoying encryption information takes up a lot of screen.,Anger,"Sadness, Disgust, Anger, Neutral"
This is so far the Best Habit Tracker !!,Trust,"Joy, Trust, Sadness, Anticipation, Neutral"
Customizable.,Joy,"Joy, Trust, Sadness, Anticipation, Neutral"
I cannot sync contacts with Facebook.,Sadness,"Surprise, Sadness, Disgust, Anger"
Barcode scanner doesn't work but I think it's my camera.,Sadness,"Trust, Sadness, Disgust, Neutral"
Bringing Material design will uplift this app to an another level.,Anticipation,"Joy, Trust, Disgust, Anticipation, Neutral"
Not able to provide basic features like caller id call recording,Sadness,"Joy, Fear, Surprise, Sadness, Anticipation"
"Please add video calling option please thats it, in this app all function are good nice use","Joy, Anticipation","Joy, Surprise, Anticipation"
"Too many notifications, ugh.",Sadness,"Fear, Sadness, Disgust, Anger"
I bought ATX a ttszdttsttttts5tztttt5stztstttz 0p0ovvffffifuxuff UI iffiff ii's if I f fifffifffffffffifffififffifffrom the kids oooffooc kick off meeting ffk a lll lol IC lttzsttsz 55td555t5yd opportunities offered a job çxcxxuxf a a a a a FC FC FC FC ççccççvvv Hu X a,None,"Joy, Sadness, Disgust, Anticipation, Neutral"
"I turn to this app when I'm having trouble focusing on a single task, just to bring a bit of extra structure to my workflow.",Trust,"Joy, Trust, Sadness, Disgust, Neutral"
Simple and easy to use habit tracker,Joy,"Joy, Trust, Anticipation, Neutral"
We've been using Cozi as our shared family calendar and to-do list for over 10 years.,Trust,"Joy, Trust, Sadness, Disgust, Neutral"
"Free to play but you need to pay to remove ads, have more than three milestones per goal, and unlock the full map",Sadness,"Joy, Surprise, Anticipation"
This app is excellent but the calendar syncing isn't perfect,"Joy, Sadness","Joy, Sadness, Anticipation"
where the analog clock widget?,Surprise,"Joy, Fear, Surprise, Anticipation"
But something missed....Volte Video Calling....,Anticipation,"Sadness, Disgust, Anger, Neutral"
Perfect for notes and checklists.,Joy,"Joy, Trust, Anticipation, Neutral"
And I really didn't want to make this app my default SMS messaging app on my android phone.,Disgust,"Fear, Surprise, Sadness, Disgust, Anger"
"This app works for those who are looking for something really simple ""on the go"" and use it for a simple reminder.",Joy,"Joy, Trust, Sadness, Anticipation, Neutral"
"Good app, does what is expected with better privacy protections.",Trust,"Joy, Trust, Anticipation, Neutral"
This is the best way to straighten your legs walk for two exercise in case your mind from stress by walking meeting new people when they're walking beside each other have been doing something for a year but it's great I love it thank you so much love when I'm walking and getting healthy!,Trust,"Joy, Trust, Sadness, Disgust, Anticipation, Neutral"
"Minimalistic, adaptable to screen, stylish and easy to use.",Joy,"Joy, Trust, Anticipation, Neutral"
SEE RADAR OF THE NATION I LIKE VIEWING RADAR MAPS THIS ONE IS A GOOD ONE,Joy,"Trust, Sadness, Disgust, Anger, Neutral"
What ads are u publishing,Surprise,"Fear, Surprise, Anticipation"
"App has inaccurate gps tracking; no working Stress monitor; very poor sync between app and watch, no realtime availab sync of data, except sleep tracking & step count is working properly.",Sadness,"Fear, Sadness, Disgust, Anger"
Timer with short and long breaks.,Neutral,"Joy, Trust, Sadness, Anticipation, Neutral"
Yes this is an awesome app which helps me of to to do lists or whatever I need to remember:)😊,Trust,"Joy, Trust, Sadness, Anticipation, Neutral"
Very nice and interesting messaging app,Joy,"Joy, Trust, Anticipation, Neutral"
Video chat should also be included,Anticipation,"Joy, Fear, Surprise, Anticipation"
If I need camera remote and outdoor cycling which I do alot I hope it can become possible for android phones,Anticipation,"Joy, Trust, Sadness, Anticipation, Neutral"
"It's the perfect notebook, I enjoy all the options and how easy it is to use",Trust,"Joy, Trust, Sadness, Anticipation, Neutral"
"Shows truck stops, scales, and the routing has been spot on every time.",Joy,"Joy, Trust, Sadness, Neutral"
"This is the BEST mood tracking app for those who just want to track it, not be pushed in any direction except consistency.",Trust,"Joy, Trust, Sadness, Anticipation, Neutral"
Please add the comments section and it will become the best telegram app.👋,"Joy, Anticipation","Joy, Trust, Anticipation, Neutral"
Nice and add call recording,"Joy, Anticipation","Joy, Anticipation"
Java error,Neutral,"Joy, Surprise, Sadness, Neutral"
I created a backup file transferred over to new phone via email but after restoring nothing gets restore.,"Surprise, Sadness","Surprise, Sadness, Disgust, Neutral"
"In Record section, task name, date, time start, time end, could you add - comment section to add further details of individual task or followup",Anticipation,"Joy, Surprise, Anticipation"
No calendar sync,Sadness,"Joy, Sadness, Anticipation, Neutral"
Great running app!,Joy,"Joy, Anticipation, Neutral"
"IF google won't cooperate, then possibly look into another backup option, like dropbox, or a file transfer or something of the sorts.",Disgust,"Fear, Surprise, Anticipation"
Not as convenient for setting schedules as it is for daily Todo lists,Sadness,"Joy, Sadness, Anticipation, Neutral"
"I just don't like downloading AppLock, a whole another application to lock my notes; many note taking app provides in app locking of individual notes and some encryption too.",Disgust,"Fear, Sadness, Disgust, Anger"
Hands down the best handwritten notetaking app available.,Joy,"Joy, Trust, Sadness, Anticipation, Neutral"
One of the best GPS navigation aids for cars.,Joy,"Joy, Trust, Sadness, Neutral"
Checklist option is fantastic.,Joy,"Joy, Trust, Anticipation, Neutral"
I think it would be the best notes app if online backup/cloud sync feature really works... please solve the issue.,"Sadness, Anticipation","Joy, Anticipation"
29 seconds I have to see an ad to read a message Unbelievably disgusting,Disgust,"Fear, Surprise, Sadness, Disgust, Anger"
i love sticker maker,Joy,"Joy, Anticipation, Neutral"
Sleep tracking less good these days.,Sadness,"Trust, Sadness, Disgust, Anger, Neutral"
The only missing feature in the paid version is automatic backup and syncing.,Anticipation,"Joy, Trust, Sadness, Anticipation, Neutral"
I reinstalled the app recently and now the cloud sync inst working.,Sadness,"Joy, Trust, Sadness, Disgust, Neutral"
For a checklist?,Neutral,"Joy, Fear, Surprise, Anticipation"
It's really starting to effect some of my relationships considering that my work contacts me a lot through text messaging,Sadness,"Joy, Trust, Sadness, Disgust, Neutral"
The advantage of being able to read and remember what you have to read offline is cool.,Joy,"Joy, Trust, Anticipation, Neutral"
Well done including a barcode scanner to easily include refined good you eat otherwise a pretty extensive database of foods from a quick search.,Joy,"Joy, Trust, Anticipation, Neutral"
It's also part of at a glance widget and calendar.,Neutral,"Joy, Trust, Sadness, Anticipation, Neutral"
"There is no subscription-based premium version, but a super convenient, small one-time purchase.",Joy,"Joy, Sadness, Anticipation, Neutral"
Would you rather uninstall updates for this app every day or reselect your default launcher every time you use the home button or clear open app?,Disgust,"Fear, Surprise, Disgust, Anticipation"
Lightweight,Joy,"Joy, Trust, Sadness, Anger, Neutral"
Include Publishing (Uploading),Neutral,"Joy, Fear, Surprise, Anticipation"
"You can easily control your music/playlist, without having to 
stop the app or stop running.",Joy,"Joy, Trust, Sadness, Anticipation, Neutral"
"This app is awesome,the best app for over health wellness,well done good job",Trust,"Joy, Trust, Anticipation, Neutral"
Can't set alarm past a week.,Sadness,"Fear, Surprise, Sadness, Anger, Anticipation"
"The app does not even open without location permission, a clear violation of privacy.",Fear,"Fear, Disgust, Anger"
"Does what it says, I use this app more than google calendar.",Trust,"Joy, Trust, Sadness, Disgust, Neutral"
It has helped me finally feel in control of my time and actions.,Trust,"Joy, Trust, Sadness, Disgust, Neutral"
"Might have been OK, but it insists on running whether I want it to or not, and ALWAYS displays a notification telling me it's ready to use.","Sadness, Anger","Trust, Sadness, Disgust"
World best app for calling and messaging,Joy,"Joy, Trust, Sadness, Neutral"
Never miss a phone call or text.,Joy,"Joy, Sadness, Anticipation"
"Are you aware your app description says ""Dairy"" and not ""Diary?",Surprise,"Fear, Surprise, Anticipation"
never get text to speech it's working right now I'm quite shocked but it's always something the wrong words and it's always in the wrong language it's always transcribing against me it's always doing what it wants to do when I'm not doing it so please fix this to legit version certified protected don't update automatically ever thank you besides you know right now and my favor for the Google app store version protected certified only.,"Surprise, Sadness","Fear, Surprise, Sadness, Disgust, Anger, Anticipation"
"Amazing simplistic design, notifications, custom alert categories, and even safety tips.",Joy,"Joy, Trust, Anticipation, Neutral"
Can we pls get the ability to add Subtasks?,Anticipation,"Joy, Surprise, Anticipation"
3- Be able to copy a checklist as a new note ( Like save as ) in pc.,Anticipation,"Joy, Surprise, Anticipation"
I bought the full app ASAP; about $7 or so for cloud sync ability.,Trust,"Joy, Trust, Sadness, Disgust, Anticipation, Neutral"
Suitable for note organization.,Joy,"Joy, Anticipation"
An attractive and flexibly strong Habit Tracker.,Joy,"Joy, Trust, Sadness, Anticipation, Neutral"
I like that a notification pops up on my PC when a text arrives.,Joy,"Joy, Trust, Surprise, Sadness, Anticipation, Neutral"
The app really needs to sync across devices.,Anticipation,"Joy, Trust, Sadness, Anticipation, Neutral"
It shows steps in mobile app notification but not in app when we open it.,Sadness,"Joy, Sadness, Anticipation, Neutral"
It's good but there is a option needed export to HTML file .. please,"Joy, Anticipation","Joy, Surprise, Sadness, Anticipation"
Truly private messaging in a well-working app.,Joy,"Joy, Anticipation, Neutral"
Can't log in since I traveling and have no access to my home phone so lost all my bookmarks!,Anger,"Fear, Surprise, Sadness, Disgust, Anger"
"Great app, only reviewing because your eastern map pack is glitches and once downloaded will not load maps or routing.","Joy, Sadness","Joy, Fear, Surprise, Sadness, Anticipation"
I love the app she's fun but she doesn't make calls for me and that's really annoying I think she needs an updating,"Joy, Sadness","Surprise, Sadness, Disgust, Anger, Anticipation"
"It has a lot of options for setting recurring tasks, dividing them up into categories and sub-categories, sharing with others, and organising your tasks in a way easy to manage.",Joy,"Joy, Trust, Anticipation, Neutral"
"So synchronization with my honor band is bad, instead of Celsius I see Fahrenheit on my watch.",Sadness,"Surprise, Sadness, Disgust, Anger"
This is a great Habit Tracker.,Joy,"Joy, Trust, Anticipation, Neutral"
But far too much illegal file sharing and distributing.,Fear,"Fear, Disgust, Anger"
bot aap check kye but sb time West ye bot simple or easy hy... thank you so much 🥰,None,"Joy, Trust, Sadness, Anticipation, Neutral"
Good app but recently faced some issues to make some animated sticker.....,"Joy, Sadness","Joy, Sadness, Disgust, Anticipation"
On the other hand you can create hyperlinks between notes which is great and also the reminder is excellent with some options that most other reminders don't have.,Joy,"Joy, Trust, Anticipation"
"I don't like d app , deleting it , entering too much in d privacy.","Fear, Disgust","Fear, Surprise, Sadness, Disgust, Anger"
I wish I could sync across devices.,Anticipation,"Joy, Sadness, Anticipation"
it's a very nice way to meet new people 😊 everyone i met so far was very friendly,Trust,"Joy, Trust, Anticipation, Neutral"
Add voice chat and video chat please!,Anticipation,"Joy, Surprise, Anticipation"
"Does not connect to the smart link services therefore rendering the app useless with device, will now be sending it back for a refund",Disgust,"Fear, Surprise, Sadness, Disgust, Anger"
"This the worst app I've ever seen regarding logging into a new device, and by far!",Disgust,"Joy, Trust, Sadness, Disgust, Anger, Neutral"
"Initially I was using raindrop (for bookmarks), google keep (for notes) and Microsoft to do (for tasks and reminders).",Neutral,"Joy, Trust, Sadness, Disgust, Neutral"
Alarms don't work after Android update.,Sadness,"Trust, Sadness, Disgust, Anger, Neutral"
And when you set an alarm it sends updates to the Google play store app that as well is hacked and a online file cloud storage area with files.,Fear,"Fear, Surprise, Sadness, Disgust, Anticipation"
"This used to work really great for me much better than Verizon cloud and other text messaging for storage but now something's wrong where Gmail won't allow it, does anyone have help or advice for this",Sadness,"Fear, Surprise, Disgust, Anticipation"
"It is the best application that I use, but unfortunately there is no setting for transparency in the widget section, I think the To-do application works better in this case.","Trust, Sadness","Joy, Trust, Sadness, Disgust, Neutral"
Wee want monetization,Anticipation,"Fear, Disgust, Anger, Anticipation"
"Works well, great flexible and customizable workflow!",Joy,"Joy, Trust, Anticipation, Neutral"
Very useful for a translator while listening to the words...specially for the beauty products that I'm using with other languages just take a pic then tadahhh...,Trust,"Joy, Trust, Sadness, Anticipation, Neutral"
"ORIYOMI FABIYI: WE ARE SPECIALIZE IN: COMPUTER ENGINEERING., LAPTOP REPAIR, DESKTOP REPAIR, SALES OF LAPTOP AND DESKTOP, NETWORKING, SUPPLYING OF DESKTOP AND LAPTOP, HARD DISK REPAIR, FROM NIGERIA.",Neutral,"Trust, Sadness, Disgust, Anger, Neutral"
Now I need to reboot the phone just to turn off the alarm.,Sadness,"Surprise, Sadness, Anticipation"
"If they make some features, this would be absolutely the best To Do and Project management app!!",Trust,"Joy, Trust, Anticipation, Neutral"
"Τελειο , ελαφρυ , χαμηλοτερη καταναλωση μπαταριας σε σχεση με το αδερφακι του telegram, group messaging,broadcast groups.",None,"Joy, Trust, Sadness, Anger, Neutral"
"Use it to mark up PDFs every day, also for math work and notetaking.",Trust,"Joy, Trust, Sadness, Anticipation, Neutral"
"Despite being set to play a ""blaring"" alarm in emergency situations, this app stayed completely silent while I was in the direct path of major tornados and extreme storms on the night of december 10th.",Sadness,"Trust, Sadness, Disgust, Anger, Neutral"
Its very usefull app....in this app you watch videos of all varities....thanks to app launcher....,Joy,"Joy, Trust, Anticipation, Neutral"
"Isn't working well lately, not letting me share video!!",Sadness,"Fear, Sadness, Disgust, Anger"
I really appreciate this app but lately I've been have issues with the cloud sync.,"Joy, Sadness","Trust, Sadness, Disgust, Anger"
All your notes that have a Password gets an almost impossible encryption.,Trust,"Fear, Surprise, Sadness, Disgust, Anger"
The only thing that it need is table support and note hyperlinks.,Anticipation,"Joy, Trust, Sadness, Anticipation, Neutral"
Would like to have a resync feature to re-sync all the messages again.,Anticipation,"Joy, Fear, Surprise, Anticipation"
Would definitely use the ability to see my subtasks on my to do list during focus mode otherwise great,"Joy, Anticipation","Joy, Trust, Sadness, Anticipation, Neutral"
How can I install the productivity timer on my phone?,Neutral,"Joy, Fear, Surprise, Anticipation"
"Want to 
see backup of voice text messages (audio recordings via sms).",Anticipation,"Joy, Surprise, Anticipation, Neutral"
What a great translator instantely.,Joy,"Joy, Trust, Sadness, Neutral"
EVO 4G,Neutral,"Joy, Trust, Sadness, Anticipation, Neutral"
It's time to say goodbye to paper checklists.,Joy,"Joy, Sadness, Disgust, Anger, Anticipation"
its tedious to go to timer > add to project > start :( it breaks up my workflow,Sadness,"Fear, Surprise, Sadness, Disgust, Anger"
"Less function, much memory usage...",Sadness,"Joy, Fear, Sadness, Anger, Anticipation"
Great family calendar app,Joy,"Joy, Trust, Anticipation, Neutral"
How does an instant messaging app not allow you to zoom in when viewing images?,"Surprise, Sadness","Fear, Surprise, Disgust, Anticipation"
Your phone comes with a text messaging app or use the Google app.,Neutral,"Joy, Trust, Surprise, Sadness, Anticipation, Neutral"
I mean to say videos upload or download is too much slow so i think this is my reason for giving it three stars caz my maximum work done by videos as i m a student,Sadness,"Joy, Trust, Sadness, Disgust, Neutral"
"I mean, every aspect of your personal interactions become part of a terrifying data set that includes horrifying intrusions of privacy and information safety.",Fear,"Fear, Sadness, Disgust, Anger"
Call recording is not working iam using Google dailar it's showing poor performance.,Sadness,"Sadness, Disgust, Anger"
My suggestion is that you can look at reference from other apps like Avocation and Rabit: Habit Tracker they have necessary variations of symbols and Rabit: Habit Tracker has categorized their synbols as well.,Anticipation,"Joy, Anticipation, Neutral"
