iteration;app_name;categoryId;reviewId;sentenceId;at;score;feature;review;sentence;generated_at;Joy;Trust;Fear;Surprise;Sadness;Disgust;Anger;Anticipation;Neutral;Reject
;;;;;;;;I love the design of this recipe app, but I was shocked when it recommended adding a cup of salt to my cake batter. That can’t be right!;but I was shocked when it recommended adding a cup of salt to my cake batter.;2026-08-02T14:36:06.993318+00:00;0;0;0;1;0;0;0;0;0;0
;;;;;;;;I've been using this fitness app for a week now, and it's been great so far. However, I was surprised when it suddenly logged me out in the middle of a workout and wouldn't let me back in without a subscription. I didn't expect that at all!;I was surprised when it suddenly logged me out in the middle of a workout and wouldn't let me back in without a subscription.;2026-08-02T14:40:30.939049+00:00;0;0;0;1;0;0;0;0;0;0
;;;;;;;;This language-learning app is fun, but I was surprised when it suddenly switched my learning language from Spanish to Swahili without any warning. Not sure how that happened!;I was surprised when it suddenly switched my learning language from Spanish to Swahili without any warning.;2026-08-02T14:35:09.465477+00:00;0;0;0;1;0;0;0;0;0;0
;;;;;;;;I like the features of this recipe app, but I didn’t expect it to suggest a dessert recipe with 20 ingredients when I only had 5 in my pantry. That’s just unrealistic!;I didn’t expect it to suggest a dessert recipe with 20 ingredients when I only had 5 in my pantry.;2026-08-02T14:39:56.818964+00:00;0;0;0;1;0;0;0;0;0;0
;;;;;;;;I like this habit-tracking app, but I wasn’t expecting it to congratulate me for 'completing a 30-day streak' when I had only used it for 5 days. Talk about jumping the gun!;I wasn’t expecting it to congratulate me for 'completing a 30-day streak' when I had only used it for 5 days.;2026-08-02T14:34:44.057000+00:00;0;0;0;1;0;0;0;0;0;0
;;;;;;;;The app is decent for tracking expenses, but I was shocked to see it categorize my grocery purchase as 'entertainment.' How does that even make sense?;I was shocked to see it categorize my grocery purchase as 'entertainment.';2026-08-02T14:36:40.709189+00:00;0;0;0;1;0;0;0;0;0;0
;;;;;;;;The app is user-friendly, but I was caught off guard when it sent me a notification about a sale at a store I’ve never shopped at. I was surprised—how did it even know I’d be interested?;I was surprised—how did it even know I’d be interested?;2026-08-02T14:38:14.096833+00:00;0;0;0;1;0;0;0;0;0;0
;;;;;;;;I use this app for grocery deliveries, and it’s usually reliable. However, I was stunned when it charged me twice for the same order. The surprising moment: 'I was stunned when it charged me twice for the same order.';I was stunned when it charged me twice for the same order.;2026-08-02T14:38:31.713480+00:00;0;0;0;1;0;0;0;0;0;0
;;;;;;;;This recipe app is fantastic, but I was shocked when it recommended a dessert recipe that included an ingredient I had just searched for in the grocery app. How did it know? Is it tracking my searches?;I was shocked when it recommended a dessert recipe that included an ingredient I had just searched for in the grocery app.;2026-08-02T14:35:56.090756+00:00;0;0;0;1;0;0;0;0;0;0
;;;;;;;;This budgeting app has helped me a lot, but I was surprised when it flagged my coffee purchase as 'suspicious activity.' Do I really spend too much on coffee?;but I was surprised when it flagged my coffee purchase as 'suspicious activity.';2026-08-02T14:36:51.590648+00:00;0;0;0;1;0;0;0;0;0;0
;;;;;;;;The app is user-friendly, but I was shocked when it automatically shared my workout results on social media without asking for my permission. That’s a major privacy concern!;I was shocked when it automatically shared my workout results on social media without asking for my permission.;2026-08-02T14:39:30.852864+00:00;0;0;0;1;0;0;0;0;0;0
;;;;;;;;I’ve used this budgeting app for months, but today it flagged a $5 coffee as a 'suspicious transaction.' Since when is coffee suspicious?;but today it flagged a $5 coffee as a 'suspicious transaction.';2026-08-02T14:36:06.993321+00:00;0;0;0;1;0;0;0;0;0;0
;;;;;;;;This budgeting app has really helped me save money. I was shocked when it flagged a $0.50 coffee purchase as 'unusual spending' though. The surprising part: 'I was shocked when it flagged a $0.50 coffee purchase as 'unusual spending' though.';I was shocked when it flagged a $0.50 coffee purchase as 'unusual spending' though.;2026-08-02T14:37:57.933192+00:00;0;0;0;1;0;0;0;0;0;0
;;;;;;;;I love the design of this meditation app, but I was taken aback when it asked me to rate it after just one session. I was surprised by the timing—how can I judge its effectiveness so soon?;I was surprised by the timing—how can I judge its effectiveness so soon?;2026-08-02T14:38:14.096828+00:00;0;0;0;1;0;0;0;0;0;0
;;;;;;;;I've been using this fitness app for a week now, and it's been great so far. However, I was surprised when it suggested a 2-hour workout at 11 PM last night. Who does that right before bed?;However, I was surprised when it suggested a 2-hour workout at 11 PM last night.;2026-08-02T14:39:09.378342+00:00;0;0;0;1;0;0;0;0;0;0
;;;;;;;;The app helps me track my sleep patterns, but I was surprised to see it labeled my nap as 'REM sleep.' I was awake the whole time!;I was surprised to see it labeled my nap as 'REM sleep.';2026-08-02T14:36:18.190687+00:00;0;0;0;1;0;0;0;0;0;0
;;;;;;;;This language learning app is fun, but I was surprised when it started teaching me slang phrases before basic vocabulary. The unexpected sentence: 'I was surprised when it started teaching me slang phrases before basic vocabulary.';I was surprised when it started teaching me slang phrases before basic vocabulary.;2026-08-02T14:38:31.713478+00:00;0;0;0;1;0;0;0;0;0;0
;;;;;;;;I love the design and functionality of this app, but I didn't expect it to send me a notification congratulating me on my 10,000th step at 3 AM when I was fast asleep!;but I didn't expect it to send me a notification congratulating me on my 10,000th step at 3 AM when I was fast asleep!;2026-08-02T14:37:20.511058+00:00;0;0;0;1;0;0;0;0;0;0
;;;;;;;;I love how this recipe app customizes meal plans, but I was taken aback when it included an exotic ingredient I've never heard of—how am I supposed to find that?;I was taken aback when it included an exotic ingredient I've never heard of.;2026-08-02T14:41:16.537774+00:00;0;0;0;1;0;0;0;0;0;0
;;;;;;;;I’ve been using this language-learning app for months, and it’s been fantastic. However, I was surprised when it suddenly switched my progress from 'Intermediate' to 'Beginner' overnight without any explanation.;I was surprised when it suddenly switched my progress from 'Intermediate' to 'Beginner' overnight.;2026-08-02T14:39:42.517649+00:00;0;0;0;1;0;0;0;0;0;0
