iteration;app_name;categoryId;reviewId;sentenceId;at;score;feature;review;sentence;generated_at;Joy;Trust;Fear;Surprise;Sadness;Disgust;Anger;Anticipation;Neutral;Reject
;;;;;;;;I loved this app when I first downloaded it, but the latest update ruined everything. The new interface is confusing, and I can't find any of my favorite features. It feels like I've lost a tool I relied on daily.;It feels like I've lost a tool I relied on daily.;2026-09-29T07:34:12.804672+00:00;0;0;0;0;1;0;0;0;0;0
;;;;;;;;This used to be my go-to app for productivity, but now it crashes every time I try to open a document. I’m so disappointed because I’ve spent years building my workflow around it.;I’m so disappointed because I’ve spent years building my workflow around it.;2026-09-29T07:34:12.804679+00:00;0;0;0;0;1;0;0;0;0;0
;;;;;;;;The app was perfect until the last update. Now, half the features don’t work, and I keep getting error messages. It’s heartbreaking to see something I loved fall apart like this.;It’s heartbreaking to see something I loved fall apart like this.;2026-09-29T07:34:12.804682+00:00;0;0;0;0;1;0;0;0;0;0
;;;;;;;;I’ve been using this app for years, and it’s always been reliable. But now, after the recent changes, it’s almost unusable. I feel like I’ve lost a trusted companion.;I feel like I’ve lost a trusted companion.;2026-09-29T07:34:12.804685+00:00;0;0;0;0;1;0;0;0;0;0
;;;;;;;;The new design is terrible. I can’t navigate it at all, and all the things that made this app special are gone. It’s like the developers don’t even care about their long-time users.;It’s like the developers don’t even care about their long-time users.;2026-09-29T07:34:12.804687+00:00;0;0;0;0;1;0;0;0;0;0
;;;;;;;;I was so excited to try this app, but it’s been nothing but frustration. It keeps freezing, and I can’t even complete basic tasks. I’m really sad because I had high hopes for it.;I’m really sad because I had high hopes for it.;2026-09-29T07:34:12.804689+00:00;0;0;0;0;1;0;0;0;0;0
;;;;;;;;This app used to be amazing, but now it’s just a shadow of what it was. The latest update removed all the features I loved, and I don’t know if I can keep using it.;The latest update removed all the features I loved, and I don’t know if I can keep using it.;2026-09-29T07:34:12.804691+00:00;0;0;0;0;1;0;0;0;0;0
;;;;;;;;I’ve recommended this app to so many friends, but now I’m embarrassed. It’s full of bugs, and nothing works like it used to. I feel like I’ve let my friends down.;I feel like I’ve let my friends down.;2026-09-29T07:34:12.804693+00:00;0;0;0;0;1;0;0;0;0;0
;;;;;;;;The app was a lifesaver for me, but now it’s broken. I keep getting logged out randomly, and my data is all messed up. It’s devastating to lose something that helped me so much.;It’s devastating to lose something that helped me so much.;2026-09-29T07:34:12.804695+00:00;0;0;0;0;1;0;0;0;0;0
;;;;;;;;I don’t understand why they changed everything. The app was perfect before, and now it’s just a mess. I’m so disappointed because I really loved it.;I’m so disappointed because I really loved it.;2026-09-29T07:34:12.804697+00:00;0;0;0;0;1;0;0;0;0;0
;;;;;;;;This app used to be my favorite, but now it’s unusable. The new update introduced so many bugs, and I can’t even use it for its basic purpose. It’s like losing a good friend.;It’s like losing a good friend.;2026-09-29T07:34:12.804699+00:00;0;0;0;0;1;0;0;0;0;0
;;;;;;;;I was so happy with this app until the latest update. Now, it’s slow, glitchy, and missing key features. I feel like I’ve wasted my time investing in it.;I feel like I’ve wasted my time investing in it.;2026-09-29T07:34:12.804702+00:00;0;0;0;0;1;0;0;0;0;0
;;;;;;;;The developers ruined this app with the last update. Everything that made it great is gone, and I don’t know if I can ever trust it again. It’s a real letdown.;It’s a real letdown.;2026-09-29T07:34:12.804704+00:00;0;0;0;0;1;0;0;0;0;0
;;;;;;;;I’ve been using this app for so long, and it’s always been reliable. But now, it’s just a source of frustration. I’m sad because I don’t know what to use instead.;I’m sad because I don’t know what to use instead.;2026-09-29T07:34:12.804706+00:00;0;0;0;0;1;0;0;0;0;0
;;;;;;;;The app was perfect until they changed it. Now, it’s clunky and hard to use. I feel like I’ve lost something that was a big part of my daily routine.;I feel like I’ve lost something that was a big part of my daily routine.;2026-09-29T07:34:12.804709+00:00;0;0;0;0;1;0;0;0;0;0
;;;;;;;;I was so excited to update this app, but now I regret it. The new version is full of bugs, and I can’t even do the simplest tasks. It’s really disheartening.;It’s really disheartening.;2026-09-29T07:34:12.804711+00:00;0;0;0;0;1;0;0;0;0;0
;;;;;;;;This app used to be a joy to use, but now it’s just a headache. The latest update broke everything, and I don’t know if it’s worth keeping. I’m so disappointed.;I’m so disappointed.;2026-09-29T07:34:12.804713+00:00;0;0;0;0;1;0;0;0;0;0
;;;;;;;;I’ve spent so much time customizing this app to fit my needs, but now it’s all gone. The update reset everything, and I feel like I’ve lost a part of myself.;I feel like I’ve lost a part of myself.;2026-09-29T07:34:12.804714+00:00;0;0;0;0;1;0;0;0;0;0
;;;;;;;;The app was great before, but now it’s just a mess. I can’t even log in half the time, and when I do, it crashes. It’s sad to see something so good go bad.;It’s sad to see something so good go bad.;2026-09-29T07:34:12.804716+00:00;0;0;0;0;1;0;0;0;0;0
;;;;;;;;I was so happy with this app, but the latest changes have made it unusable. I don’t understand why they would ruin something that was working so well. It’s heartbreaking.;It’s heartbreaking.;2026-09-29T07:34:12.804718+00:00;0;0;0;0;1;0;0;0;0;0
