sentence;source;Joy;Trust;Fear;Surprise;Sadness;Disgust;Anger;Anticipation;Neutral
Absolutely love this app!;synthetic;1;0;0;0;0;0;0;0;0
This is the best fitness tracking app I have ever used.;synthetic;1;0;0;0;0;0;0;0;0
Amazing app for budgeting!;synthetic;1;0;0;0;0;0;0;0;0
The new update is fantastic!;synthetic;1;0;0;0;0;0;0;0;0
It has a wonderful meal planner, a smart shopping list, and thousands of delicious recipes.;synthetic;1;0;0;0;0;0;0;0;0
Such a delightful experience using this meditation app every morning.;synthetic;1;0;0;0;0;0;0;0;0
This productivity app is exactly what I needed to stay organized at work.;synthetic;1;0;0;0;0;0;0;0;0
Wonderful language learning app!;synthetic;1;0;0;0;0;0;0;0;0
The animated backgrounds for each weather condition are a joy to look at.;synthetic;1;0;0;0;0;0;0;0;0
Superb GPS navigation app!;synthetic;1;0;0;0;0;0;0;0;0
I am genuinely impressed by how polished this photo editing app is.;synthetic;1;0;0;0;0;0;0;0;0
This is a great sleep tracker!;synthetic;1;0;0;0;0;0;0;0;0
Love the simplicity of this notes app.;synthetic;1;0;0;0;0;0;0;0;0
Discovering new artists through its recommendations has been so exciting!;synthetic;1;0;0;0;0;0;0;0;0
Excellent task and project management tool for teams.;synthetic;1;0;0;0;0;0;0;0;0
This is such a fun and engaging habit tracker!;synthetic;1;0;0;0;0;0;0;0;0
Brilliant calendar app that integrates seamlessly with all my other tools.;synthetic;1;0;0;0;0;0;0;0;0
I am so happy with this reading app!;synthetic;1;0;0;0;0;0;0;0;0
Fantastic workout app with so many exercises and training plans to choose from.;synthetic;1;0;0;0;0;0;0;0;0
Planning vacations has never been this much fun!;synthetic;1;0;0;0;0;0;0;0;0
It really helped me stay consistent with my workouts even on the busiest days.;synthetic;0;1;0;0;0;0;0;0;0
This is hands down the best budgeting app I've ever used.;synthetic;0;1;0;0;0;0;0;0;0
I use this app every single morning to plan my day.;synthetic;0;1;0;0;0;0;0;0;0
As a nurse working long shifts, I rely on this medication reminder app to keep track of my patients' schedules.;synthetic;0;1;0;0;0;0;0;0;0
Out of all the language learning apps I've tried, this one is by far the most effective for my learning style.;synthetic;0;1;0;0;0;0;0;0;0
I personally recommend this app to every photographer I know.;synthetic;0;1;0;0;0;0;0;0;0
This is my go-to meditation app whenever I feel overwhelmed or anxious.;synthetic;0;1;0;0;0;0;0;0;0
I've set up this app specifically to back up all my important documents and photos to the cloud automatically.;synthetic;0;1;0;0;0;0;0;0;0
As a student juggling multiple courses, this is the best note-taking app I have ever come across.;synthetic;0;1;0;0;0;0;0;0;0
I use this recipe app as my personal kitchen companion every time I cook.;synthetic;0;1;0;0;0;0;0;0;0
By far the best sleep tracking app I've used for monitoring my rest patterns.;synthetic;0;1;0;0;0;0;0;0;0
I rely on this navigation app every day for my delivery job and it has never steered me wrong.;synthetic;0;1;0;0;0;0;0;0;0
This is my favorite app for reading news in the morning.;synthetic;0;1;0;0;0;0;0;0;0
This one is the best I've found for actually sticking to my goals.;synthetic;0;1;0;0;0;0;0;0;0
I feel completely safe storing my personal journal entries here.;synthetic;0;1;0;0;0;0;0;0;0
As a freelancer, I use this time tracking app to manage all my client projects and billable hours.;synthetic;0;1;0;0;0;0;0;0;0
This is genuinely the best workout planning app I have ever come across.;synthetic;0;1;0;0;0;0;0;0;0
I use this app as my primary tool for learning guitar and it has been an incredible journey.;synthetic;0;1;0;0;0;0;0;0;0
This is the app I trust the most for managing my team's projects at work.;synthetic;0;1;0;0;0;0;0;0;0
It remains the most accurate and reliable one I've ever tried.;synthetic;0;1;0;0;0;0;0;0;0
I am scared that my money is inaccessible and no one seems to care.;synthetic;0;0;1;0;0;0;0;0;0
If you care even slightly about your privacy, do not install this app.;synthetic;0;0;1;0;0;0;0;0;0
Critical data is now gone forever with no way to restore it.;synthetic;0;0;1;0;0;0;0;0;0
Lacks basic security features that every modern app should have.;synthetic;0;0;1;0;0;0;0;0;0
BEWARE! This app collects your location data 24/7 even when the app is closed and running in the background.;synthetic;0;0;1;0;0;0;0;0;0
I am anxious about getting my refund and have no idea if my financial information is even secure on this platform.;synthetic;0;0;1;0;0;0;0;0;0
I'm deeply concerned that people are being misled into downloading malware through these fake popups.;synthetic;0;0;1;0;0;0;0;0;0
Most likely selling your personal information to third-party advertisers without your knowledge.;synthetic;0;0;1;0;0;0;0;0;0
Facing this issue for over two weeks now, anyone please help because I rely on this app for work communication.;synthetic;0;0;1;0;0;0;0;0;0
People are using automated scripts to manipulate rankings and reviews on this platform.;synthetic;0;0;1;0;0;0;0;0;0
The app stores your passwords in plain text with no encryption whatsoever.;synthetic;0;0;1;0;0;0;0;0;0
I am desperate and stressed — please help me recover my account as I have done absolutely nothing wrong.;synthetic;0;0;1;0;0;0;0;0;0
I am terrified about what they might be exposed to.;synthetic;0;0;1;0;0;0;0;0;0
If you even think about privacy, do not trust this app's security claims.;synthetic;0;0;1;0;0;0;0;0;0
I'm extremely worried about my digital safety and have already uninstalled it.;synthetic;0;0;1;0;0;0;0;0;0
Please help me recover this data — it is essential for my treatment and losing it is incredibly distressing.;synthetic;0;0;1;0;0;0;0;0;0
This is a massive privacy breach and I'm shocked the developers have not addressed it after multiple reports.;synthetic;0;0;1;0;0;0;0;0;0
I feel completely unsafe using this app and the lack of moderation is frightening.;synthetic;0;0;1;0;0;0;0;0;0
I'm worried it's transmitting sensitive information without my consent.;synthetic;0;0;1;0;0;0;0;0;0
I am deeply stressed about this unauthorized charge and scared this will happen again to other users.;synthetic;0;0;1;0;0;0;0;0;0
I was completely caught off guard when I opened it one morning and all my saved categories had vanished overnight.;synthetic;0;0;0;1;0;0;0;0;0
I was surprised to find that after completing a 30-day workout streak, the app simply reset my progress counter without any celebration or acknowledgment.;synthetic;0;0;0;1;0;0;0;0;0
One thing that caught me off guard is that it asked me to write a review after I had only opened the app for the first time and hadn't even tried a single recipe yet.;synthetic;0;0;0;1;0;0;0;0;0
I was shocked when I noticed that the app was tracking my microphone even when running in the background, completely unrelated to any active lesson.;synthetic;0;0;0;1;0;0;0;0;0
I was puzzled to discover that exporting a photo in high resolution suddenly counts against a daily limit I never knew existed.;synthetic;0;0;0;1;0;0;0;0;0
I was taken aback when the app sent me a push notification at 3am, which obviously woke me up.;synthetic;0;0;0;1;0;0;0;0;0
What surprised me was that after I purchased the annual premium plan, the app still showed ads between songs for the first two days.;synthetic;0;0;0;1;0;0;0;0;0
I was astonished to see that it charged me twice for the same hotel booking and when I checked the booking history, it only showed one transaction.;synthetic;0;0;0;1;0;0;0;0;0
I was unexpectedly greeted with a paywall after reading just two articles, even though I had signed up for the free tier which supposedly allows unlimited reads.;synthetic;0;0;0;1;0;0;0;0;0
I was really surprised when I found out that syncing across devices is not included in the basic premium plan and requires an even higher subscription tier.;synthetic;0;0;0;1;0;0;0;0;0
It was quite unexpected when I went to check my weekly report and found that all my historical data had been reorganized into a new format I didn't choose.;synthetic;0;0;0;1;0;0;0;0;0
I was stunned to see that an item I had bookmarked and was about to purchase suddenly disappeared from my wishlist with no explanation.;synthetic;0;0;0;1;0;0;0;0;0
It was a strange surprise when the app showed my driver arriving in two minutes, and then the ride was automatically cancelled without any action from me or the driver.;synthetic;0;0;0;1;0;0;0;0;0
I was bewildered when I realized that after updating the app, my font preferences had been reset to default and the custom color scheme I spent time configuring was completely gone.;synthetic;0;0;0;1;0;0;0;0;0
I was utterly shocked when I completed a full course and went to download my certificate, only to be told that certificates are only available for paid subscribers.;synthetic;0;0;0;1;0;0;0;0;0
What I didn't expect at all was that the app started displaying advertisements for umbrellas and raincoats every time it predicted rain in my area.;synthetic;0;0;0;1;0;0;0;0;0
I was surprised to see that it flagged my own newly created strong password as 'weak' while suggesting passwords that were actually shorter and less complex.;synthetic;0;0;0;1;0;0;0;0;0
I found it really odd that the app sent me a congratulatory message for reaching my calorie goal on a day I had actually logged no meals at all.;synthetic;0;0;0;1;0;0;0;0;0
I was completely blindsided when I tried to export my finished video and the app informed me that watermark-free export was no longer part of the plan I subscribed to last month.;synthetic;0;0;0;1;0;0;0;0;0
I was left utterly confused when my public profile suddenly became private without me changing any settings.;synthetic;0;0;0;1;0;0;0;0;0
It's such a shame because everything else about this app was perfect.;synthetic;0;0;0;0;1;0;0;0;0
I've lost months of curated music and I'm really heartbroken about it.;synthetic;0;0;0;0;1;0;0;0;0
Sadly the offline mode no longer works after the latest patch.;synthetic;0;0;0;0;1;0;0;0;0
I was so excited to try this app after all the great reviews, but I'm deeply disappointed.;synthetic;0;0;0;0;1;0;0;0;0
It makes my workflow almost unusable and I dread opening it now.;synthetic;0;0;0;0;1;0;0;0;0
It's disheartening to see a great app go downhill.;synthetic;0;0;0;0;1;0;0;0;0
Notifications keep failing to arrive on time.;synthetic;0;0;0;0;1;0;0;0;0
I was let down pretty quickly.;synthetic;0;0;0;0;1;0;0;0;0
I'm not satisfied with this change at all.;synthetic;0;0;0;0;1;0;0;0;0
Sadly you can't back up your data locally without a premium subscription.;synthetic;0;0;0;0;1;0;0;0;0
It's really disappointing because I depended on this app every single day.;synthetic;0;0;0;0;1;0;0;0;0
I am deeply let down given how much I paid.;synthetic;0;0;0;0;1;0;0;0;0
Stories are replaying and starting over again and again without any reason.;synthetic;0;0;0;0;1;0;0;0;0
It just doesn't give me the satisfaction of a complete fitness tracker anymore.;synthetic;0;0;0;0;1;0;0;0;0
I've been a free user for years and this sudden paywall is a real blow.;synthetic;0;0;0;0;1;0;0;0;0
The customer support chat feature has regular failures, unfortunately.;synthetic;0;0;0;0;1;0;0;0;0
I'm still stuck. Very dissatisfied with the experience.;synthetic;0;0;0;0;1;0;0;0;0
I feel let down by the developers.;synthetic;0;0;0;0;1;0;0;0;0
It sadly ruins what is otherwise a solid experience.;synthetic;0;0;0;0;1;0;0;0;0
It was the one thing that made this app special and its absence is deeply felt.;synthetic;0;0;0;0;1;0;0;0;0
I have completely uninstalled it and will never look back.;synthetic;0;0;0;0;0;1;0;0;0
Until they revert these shady changes, I refuse to have this on any of my devices.;synthetic;0;0;0;0;0;1;0;0;0
Might as well call it a crash simulator because that is all it does.;synthetic;0;0;0;0;0;1;0;0;0
I am done with this app and I am actively warning everyone in my running group to delete it immediately.;synthetic;0;0;0;0;0;1;0;0;0
The only thing you get from this platform is spam and phishing attempts disguised as friendly messages.;synthetic;0;0;0;0;0;1;0;0;0
It is nothing more than a glorified demo with a paywall slapped on everything useful.;synthetic;0;0;0;0;0;1;0;0;0
This is irresponsible and predatory.;synthetic;0;0;0;0;0;1;0;0;0
That is a blatant betrayal of user trust.;synthetic;0;0;0;0;0;1;0;0;0
Use to be great, now it is just a mess of ads and sponsored junk.;synthetic;0;0;0;0;0;1;0;0;0
It is unnecessary for a mindfulness app to bombard users with non-stop marketing alerts.;synthetic;0;0;0;0;0;1;0;0;0
I have removed it and filed a complaint with my country's data protection authority.;synthetic;0;0;0;0;0;1;0;0;0
I have disputed the charges with my bank and will never trust this service again.;synthetic;0;0;0;0;0;1;0;0;0
You might as well throw a paper map out the window and follow it, because that would be more accurate.;synthetic;0;0;0;0;0;1;0;0;0
I refuse to spend another minute troubleshooting an app that its own creators have abandoned.;synthetic;0;0;0;0;0;1;0;0;0
That level of personal data collection for a task manager is outrageous and completely unjustified.;synthetic;0;0;0;0;0;1;0;0;0
I have already left a warning review on every platform I can find.;synthetic;0;0;0;0;0;1;0;0;0
The community is rotten to the core and makes the whole experience unusable.;synthetic;0;0;0;0;0;1;0;0;0
It is entirely inappropriate for a language app to wade into political debate.;synthetic;0;0;0;0;0;1;0;0;0
I will be telling every colleague and friend to stay far away from this reckless and untrustworthy platform.;synthetic;0;0;0;0;0;1;0;0;0
I am switching to a competitor today and I strongly advise anyone reading this to do the same — this app does not deserve your loyalty or your money.;synthetic;0;0;0;0;0;1;0;0;0
I hate how they keep pushing useless updates that make everything worse instead of fixing the actual bugs.;synthetic;0;0;0;0;0;0;1;0;0
CRASHES EVERY SINGLE TIME!;synthetic;0;0;0;0;0;0;1;0;0
Stupid greedy developers who clearly only care about money and not the user experience.;synthetic;0;0;0;0;0;0;1;0;0
I hate that this app logs me out every single day and forces me to go through a five-step verification process just to check my messages.;synthetic;0;0;0;0;0;0;1;0;0
All I got was some useless copy-pasted nonsense from a brainless bot pretending to be a human.;synthetic;0;0;0;0;0;0;1;0;0
It rerouted me through a road that was CLOSED FOR CONSTRUCTION and added 45 minutes to my trip.;synthetic;0;0;0;0;0;0;1;0;0
Just leave me alone and let me use it in peace!;synthetic;0;0;0;0;0;0;1;0;0
I absolutely hate that this fitness app deleted all my workout history after the latest update.;synthetic;0;0;0;0;0;0;1;0;0
What kind of idiots design a messaging app that does not allow you to delete sent messages?;synthetic;0;0;0;0;0;0;1;0;0
It charged my card TWICE for a single subscription and now refuses to issue a refund.;synthetic;0;0;0;0;0;0;1;0;0
I PAID FOR THE PRO VERSION AND I AM STILL GETTING ADS!!;synthetic;0;0;0;0;0;0;1;0;0
I hate this app with a passion.;synthetic;0;0;0;0;0;0;1;0;0
Give us back the old version, you clueless morons.;synthetic;0;0;0;0;0;0;1;0;0
I am absolutely livid and this company should be ashamed of itself.;synthetic;0;0;0;0;0;0;1;0;0
I hate that app stores even allow this kind of predatory data harvesting to happen.;synthetic;0;0;0;0;0;0;1;0;0
UNBELIEVABLE that such a basic function does not work. Do better!!;synthetic;0;0;0;0;0;0;1;0;0
Trying to contact support is pointless because all you get are worthless automated replies from people who could not care less.;synthetic;0;0;0;0;0;0;1;0;0
I hate that I depended on this trash for my daily routine.;synthetic;0;0;0;0;0;0;1;0;0
I am beyond furious.;synthetic;0;0;0;0;0;0;1;0;0
It randomly shuffles to songs I hate even when shuffle is turned OFF, skips tracks I actually want to hear, and has the nerve to charge me a premium fee for this horrible experience. 🤬🤬🤬;synthetic;0;0;0;0;0;0;1;0;0
I'm curious though, will there be an option to set custom reminders for each individual habit in a future update?;synthetic;0;0;0;0;0;0;0;1;0
I would love to see a Pomodoro timer built directly into the app so I don't have to switch between multiple tools while working.;synthetic;0;0;0;0;0;0;0;1;0
I'm trying to figure out whether notes saved offline automatically sync once I'm back online, or if I need to manually trigger a sync each time.;synthetic;0;0;0;0;0;0;0;1;0
One thing I keep wondering is whether there will ever be support for multiple currencies in a single account.;synthetic;0;0;0;0;0;0;0;1;0
It would be amazing if you could add the ability to create and share custom workout plans with friends.;synthetic;0;0;0;0;0;0;0;1;0
I'm still trying to understand what happens to my archived notes after 30 days — are they permanently deleted or just stored somewhere else?;synthetic;0;0;0;0;0;0;0;1;0
I hope the developers plan to add sleep tracking integration in a future release.;synthetic;0;0;0;0;0;0;0;1;0
I'm wondering if there's a way to generate a grocery list automatically from selected recipes.;synthetic;0;0;0;0;0;0;0;1;0
Can we get an option to export our reading history as a PDF or CSV file?;synthetic;0;0;0;0;0;0;0;1;0
Something I'd really like to see added is a Gantt chart view so that timelines across tasks and milestones can be visualized more clearly.;synthetic;0;0;0;0;0;0;0;1;0
I'm curious about whether the app will expand its language catalog to include less commonly studied languages like Swahili or Icelandic.;synthetic;0;0;0;0;0;0;0;1;0
I would love a feature that allows mood tracking over time and then generates visual graphs showing mood trends across weeks or months.;synthetic;0;0;0;0;0;0;0;1;0
I keep thinking about whether it would be possible to color-code events by category automatically based on keywords in the title.;synthetic;0;0;0;0;0;0;0;1;0
I'm not sure if collaborative budgets are planned for the future, but it would be incredibly helpful for couples or roommates who share financial responsibilities.;synthetic;0;0;0;0;0;0;0;1;0
One feature I'd propose is the ability to set relationship reminders, like a nudge to reach out to someone you haven't contacted in a while.;synthetic;0;0;0;0;0;0;0;1;0
I'm trying to work out whether the AI enhancement tool works on RAW image files or only on JPEGs.;synthetic;0;0;0;0;0;0;0;1;0
I'm eagerly waiting to see if dark mode will ever come to the tablet version, as it's already available on mobile.;synthetic;0;0;0;0;0;0;0;1;0
I would really appreciate if we could get a feature to import decks directly from a CSV or Excel file rather than having to enter each card manually.;synthetic;0;0;0;0;0;0;0;1;0
I'm wondering whether subtasks can be nested more than one level deep, because for complex projects I sometimes need a hierarchy of three or four levels to properly organize everything.;synthetic;0;0;0;0;0;0;0;1;0
I hope offline maps will be included in a future update for areas with poor connectivity.;synthetic;0;0;0;0;0;0;0;1;0
